{
  "color intrinsics": {
    "coeffs": [
      0.0,
      0.0,
      0.0,
      0.0,
      0.0
    ],
    "fx": 617.4967041015625,
    "fy": 617.2276611328125,
    "height": 480,
    "model": "distortion.inverse_brown_conrady",
    "ppx": 318.59136962890625,
    "ppy": 252.50799560546875,
    "width": 640
  },
  "depth intrinsics": {
    "coeffs": [
      0.0,
      0.0,
      0.0,
      0.0,
      0.0
    ],
    "fx": 600.8629760742188,
    "fy": 600.8629760742188,
    "height": 480,
    "model": "distortion.brown_conrady",
    "ppx": 319.6057434082031,
    "ppy": 244.78125,
    "width": 640
  },
  "depth to color extrinsics": {
    "rotation": [
      0.9999845027923584,
      0.0017420530784875154,
      -0.005285933148115873,
      -0.0017585224704816937,
      0.999993622303009,
      -0.003112656995654106,
      0.0052804769948124886,
      0.003121904330328107,
      0.999981164932251
    ],
    "translation": [
      0.015297875739634037,
      -3.996360464952886e-05,
      -0.0005155084654688835
    ]
  }
}