	{
		"class_name" : "ViewTrajectory",
		"interval" : 29,
		"is_loop" : false,
		"trajectory" : 
		[
			{
				"boundingbox_max" : [ 0.3540184469699208, 0.38545795014465195, 1.4190000295639038 ],
				"boundingbox_min" : [ -0.31075444395373442, -0.26910014599374465, -0.0060000000000000001 ],
				"field_of_view" : 60.0,
				"front" : [ 0.37228574730940572, -0.24813127935534471, -0.89433449589946901 ],
				"lookat" : [ 0.02163200150809319, 0.058178902075453648, 0.7065000147819519 ],
				"up" : [ -0.14553879992218158, -0.96728621377708612, 0.20778796489209952 ],
				"zoom" : 0.49999999999999978
			}
		],
		"version_major" : 1,
		"version_minor" : 0
	}